user_id,signup_date,segment
USR-0001,2025-06-14,Growth
USR-0002,2025-09-21,Growth
USR-0003,2025-01-28,Startup
USR-0004,2025-04-23,Enterprise
USR-0005,2025-08-24,Startup
USR-0006,2025-07-14,Startup
USR-0007,2025-07-21,Startup
USR-0008,2025-09-29,Startup
USR-0009,2025-10-12,Startup
USR-0010,2025-05-16,Growth
USR-0011,2025-09-10,Startup
USR-0012,2025-02-06,Startup
USR-0013,2025-10-24,Startup
USR-0014,2025-11-04,Startup
USR-0015,2025-06-23,Growth
USR-0016,2025-11-01,Startup
USR-0017,2025-07-08,Growth
USR-0018,2025-07-03,Enterprise
USR-0019,2025-05-22,Growth
USR-0020,2025-05-23,Growth
USR-0021,2025-11-03,Startup
USR-0022,2025-06-30,Startup
USR-0023,2025-05-24,Growth
USR-0024,2025-12-03,Startup
USR-0025,2025-05-17,Enterprise
USR-0026,2025-06-22,Startup
USR-0027,2025-04-02,Startup
USR-0028,2025-07-01,Growth
USR-0029,2025-05-06,Growth
USR-0030,2025-06-06,Startup
USR-0031,2025-03-29,Growth
USR-0032,2025-08-15,Startup
USR-0033,2025-12-23,Startup
USR-0034,2025-05-19,Growth
USR-0035,2025-11-20,Growth
USR-0036,2025-11-30,Growth
USR-0037,2025-08-31,Startup
USR-0038,2025-12-14,Startup
USR-0039,2025-08-20,Startup
USR-0040,2025-03-05,Startup
USR-0041,2025-08-29,Startup
USR-0042,2025-08-04,Startup
USR-0043,2025-08-30,Startup
USR-0044,2025-04-16,Startup
USR-0045,2025-12-17,Growth
USR-0046,2025-10-02,Enterprise
USR-0047,2025-11-27,Startup
USR-0048,2025-05-23,Startup
USR-0049,2025-12-10,Startup
USR-0050,2025-09-19,Startup
USR-0051,2025-11-05,Growth
USR-0052,2025-05-23,Startup
USR-0053,2025-06-13,Growth
USR-0054,2025-08-20,Startup
USR-0055,2025-06-27,Startup
USR-0056,2025-05-12,Growth
USR-0057,2025-12-24,Growth
USR-0058,2025-01-24,Startup
USR-0059,2025-11-05,Growth
USR-0060,2025-12-11,Startup
USR-0061,2025-08-14,Startup
USR-0062,2025-09-04,Growth
USR-0063,2025-08-17,Growth
USR-0064,2025-11-16,Startup
USR-0065,2025-10-18,Startup
USR-0066,2025-06-09,Enterprise
USR-0067,2025-07-23,Growth
USR-0068,2025-12-20,Growth
USR-0069,2025-07-30,Startup
USR-0070,2025-05-31,Growth
USR-0071,2025-05-26,Startup
USR-0072,2025-01-02,Startup
USR-0073,2025-01-25,Growth
USR-0074,2025-12-12,Startup
USR-0075,2025-04-24,Growth
USR-0076,2025-06-12,Growth
USR-0077,2025-02-06,Enterprise
USR-0078,2025-10-04,Startup
USR-0079,2025-08-03,Growth
USR-0080,2025-09-23,Growth
USR-0081,2025-02-17,Growth
USR-0082,2025-11-13,Enterprise
USR-0083,2025-10-03,Growth
USR-0084,2025-10-07,Enterprise
USR-0085,2025-01-28,Startup
USR-0086,2025-11-03,Growth
USR-0087,2025-12-24,Startup
USR-0088,2025-11-02,Startup
USR-0089,2025-12-09,Startup
USR-0090,2025-11-18,Enterprise
USR-0091,2025-04-19,Enterprise
USR-0092,2025-01-12,Enterprise
USR-0093,2025-07-16,Startup
USR-0094,2025-12-15,Growth
USR-0095,2025-08-30,Startup
USR-0096,2025-08-03,Startup
USR-0097,2025-12-13,Startup
USR-0098,2025-10-22,Enterprise
USR-0099,2025-07-02,Startup
USR-0100,2025-12-19,Growth
USR-0101,2025-12-06,Startup
USR-0102,2025-04-09,Startup
USR-0103,2025-08-29,Growth
USR-0104,2025-08-30,Startup
USR-0105,2025-05-01,Startup
USR-0106,2025-06-15,Startup
USR-0107,2025-09-08,Startup
USR-0108,2025-08-13,Startup
USR-0109,2025-06-05,Startup
USR-0110,2025-05-10,Growth
USR-0111,2025-03-25,Growth
USR-0112,2025-07-15,Startup
USR-0113,2025-07-17,Growth
USR-0114,2025-08-03,Startup
USR-0115,2025-01-25,Startup
USR-0116,2025-02-02,Startup
USR-0117,2025-01-24,Startup
USR-0118,2025-10-25,Startup
USR-0119,2025-04-25,Growth
USR-0120,2025-02-11,Startup
USR-0121,2025-08-06,Startup
USR-0122,2025-08-22,Startup
USR-0123,2025-01-21,Startup
USR-0124,2025-02-18,Startup
USR-0125,2025-11-16,Enterprise
USR-0126,2025-11-13,Startup
USR-0127,2025-10-29,Startup
USR-0128,2025-05-12,Startup
USR-0129,2025-10-17,Startup
USR-0130,2025-09-03,Startup
USR-0131,2025-01-18,Startup
USR-0132,2025-10-14,Growth
USR-0133,2025-12-07,Enterprise
USR-0134,2025-03-04,Enterprise
USR-0135,2025-10-25,Startup
USR-0136,2025-09-23,Enterprise
USR-0137,2025-07-07,Startup
USR-0138,2025-07-24,Startup
USR-0139,2025-07-02,Growth
USR-0140,2025-10-31,Enterprise
USR-0141,2025-10-24,Growth
USR-0142,2025-10-24,Growth
USR-0143,2025-06-12,Startup
USR-0144,2025-03-16,Startup
USR-0145,2025-08-18,Startup
USR-0146,2025-08-06,Startup
USR-0147,2025-03-19,Growth
USR-0148,2025-11-30,Enterprise
USR-0149,2025-10-02,Growth
USR-0150,2025-09-19,Startup
USR-0151,2025-11-27,Startup
USR-0152,2025-12-10,Startup
USR-0153,2025-10-28,Growth
USR-0154,2025-08-19,Startup
USR-0155,2025-08-31,Startup
USR-0156,2025-06-17,Startup
USR-0157,2025-08-25,Startup
USR-0158,2025-12-13,Growth
USR-0159,2025-05-26,Startup
USR-0160,2025-03-23,Growth
USR-0161,2025-06-16,Startup
USR-0162,2025-07-01,Startup
USR-0163,2025-02-07,Growth
USR-0164,2025-06-09,Growth
USR-0165,2025-11-03,Growth
USR-0166,2025-04-24,Startup
USR-0167,2025-08-06,Startup
USR-0168,2025-10-31,Enterprise
USR-0169,2025-06-22,Growth
USR-0170,2025-07-01,Enterprise
USR-0171,2025-11-01,Startup
USR-0172,2025-07-11,Startup
USR-0173,2025-10-14,Growth
USR-0174,2025-10-14,Startup
USR-0175,2025-09-22,Startup
USR-0176,2025-12-22,Enterprise
USR-0177,2025-09-02,Startup
USR-0178,2025-02-03,Startup
USR-0179,2025-02-21,Startup
USR-0180,2025-11-04,Startup
USR-0181,2025-07-09,Enterprise
USR-0182,2025-10-16,Startup
USR-0183,2025-11-07,Startup
USR-0184,2025-05-03,Enterprise
USR-0185,2025-03-25,Startup
USR-0186,2025-02-08,Startup
USR-0187,2025-01-12,Startup
USR-0188,2025-03-11,Growth
USR-0189,2025-10-18,Growth
USR-0190,2025-12-14,Startup
USR-0191,2025-04-26,Startup
USR-0192,2025-08-20,Enterprise
USR-0193,2025-12-19,Growth
USR-0194,2025-10-17,Growth
USR-0195,2025-01-24,Startup
USR-0196,2025-02-14,Growth
USR-0197,2025-06-02,Growth
USR-0198,2025-08-01,Startup
USR-0199,2025-07-15,Growth
USR-0200,2025-10-22,Startup
USR-0201,2025-01-13,Startup
USR-0202,2025-07-16,Startup
USR-0203,2025-10-02,Startup
USR-0204,2025-12-07,Enterprise
USR-0205,2025-12-03,Enterprise
USR-0206,2025-04-20,Growth
USR-0207,2025-11-01,Startup
USR-0208,2025-10-30,Startup
USR-0209,2025-05-03,Growth
USR-0210,2025-04-24,Growth
USR-0211,2025-11-07,Growth
USR-0212,2025-03-10,Startup
USR-0213,2025-01-15,Growth
USR-0214,2025-07-05,Enterprise
USR-0215,2025-02-12,Startup
USR-0216,2025-06-01,Startup
USR-0217,2025-10-21,Growth
USR-0218,2025-11-05,Startup
USR-0219,2025-11-30,Growth
USR-0220,2025-10-04,Growth
USR-0221,2025-07-22,Startup
USR-0222,2025-04-07,Startup
USR-0223,2025-11-08,Startup
USR-0224,2025-09-14,Startup
USR-0225,2025-11-12,Startup
USR-0226,2025-07-31,Startup
USR-0227,2025-02-03,Startup
USR-0228,2025-03-13,Startup
USR-0229,2025-12-08,Growth
USR-0230,2025-03-13,Startup
USR-0231,2025-09-23,Startup
USR-0232,2025-02-08,Startup
USR-0233,2025-09-24,Growth
USR-0234,2025-01-21,Enterprise
USR-0235,2025-10-02,Enterprise
USR-0236,2025-04-03,Startup
USR-0237,2025-07-07,Startup
USR-0238,2025-01-12,Startup
USR-0239,2025-09-11,Startup
USR-0240,2025-04-09,Startup
USR-0241,2025-05-13,Startup
USR-0242,2025-10-08,Growth
USR-0243,2025-01-22,Growth
USR-0244,2025-11-27,Startup
USR-0245,2025-02-12,Startup
USR-0246,2025-06-06,Startup
USR-0247,2025-04-23,Growth
USR-0248,2025-03-28,Startup
USR-0249,2025-01-09,Growth
USR-0250,2025-05-27,Startup
USR-0251,2025-07-08,Startup
USR-0252,2025-09-16,Enterprise
USR-0253,2025-09-16,Startup
USR-0254,2025-08-25,Growth
USR-0255,2025-04-12,Startup
USR-0256,2025-06-23,Startup
USR-0257,2025-01-17,Startup
USR-0258,2025-09-16,Startup
USR-0259,2025-04-13,Startup
USR-0260,2025-04-26,Growth
USR-0261,2025-03-13,Startup
USR-0262,2025-08-18,Startup
USR-0263,2025-04-05,Startup
USR-0264,2025-07-15,Startup
USR-0265,2025-07-19,Startup
USR-0266,2025-04-22,Startup
USR-0267,2025-11-24,Growth
USR-0268,2025-08-18,Startup
USR-0269,2025-01-23,Startup
USR-0270,2025-06-17,Enterprise
USR-0271,2025-09-22,Startup
USR-0272,2025-08-21,Startup
USR-0273,2025-11-27,Growth
USR-0274,2025-03-07,Growth
USR-0275,2025-12-06,Startup
USR-0276,2025-04-26,Growth
USR-0277,2025-08-29,Growth
USR-0278,2025-11-12,Growth
USR-0279,2025-09-15,Growth
USR-0280,2025-12-09,Growth
USR-0281,2025-08-07,Startup
USR-0282,2025-12-15,Growth
USR-0283,2025-10-06,Startup
USR-0284,2025-06-21,Growth
USR-0285,2025-08-15,Startup
USR-0286,2025-10-06,Startup
USR-0287,2025-08-04,Enterprise
USR-0288,2025-04-04,Growth
USR-0289,2025-01-23,Startup
USR-0290,2025-02-14,Startup
USR-0291,2025-02-20,Startup
USR-0292,2025-12-24,Startup
USR-0293,2025-05-04,Growth
USR-0294,2025-11-07,Startup
USR-0295,2025-10-04,Startup
USR-0296,2025-12-16,Startup
USR-0297,2025-10-28,Startup
USR-0298,2025-02-12,Growth
USR-0299,2025-04-09,Growth
USR-0300,2025-10-14,Startup
USR-0301,2025-11-24,Growth
USR-0302,2025-10-07,Startup
USR-0303,2025-09-29,Startup
USR-0304,2025-05-03,Growth
USR-0305,2025-03-22,Growth
USR-0306,2025-09-03,Startup
USR-0307,2025-10-30,Startup
USR-0308,2025-06-06,Startup
USR-0309,2025-04-21,Startup
USR-0310,2025-12-19,Startup
USR-0311,2025-02-11,Startup
USR-0312,2025-09-12,Startup
USR-0313,2025-10-14,Startup
USR-0314,2025-07-12,Startup
USR-0315,2025-01-20,Enterprise
USR-0316,2025-03-17,Startup
USR-0317,2025-11-19,Enterprise
USR-0318,2025-03-23,Startup
USR-0319,2025-11-06,Startup
USR-0320,2025-08-11,Startup
USR-0321,2025-11-02,Startup
USR-0322,2025-11-11,Startup
USR-0323,2025-09-15,Enterprise
USR-0324,2025-08-20,Startup
USR-0325,2025-11-16,Startup
USR-0326,2025-03-22,Startup
USR-0327,2025-03-29,Startup
USR-0328,2025-09-16,Startup
USR-0329,2025-07-17,Startup
USR-0330,2025-04-03,Startup
USR-0331,2025-09-01,Enterprise
USR-0332,2025-09-25,Growth
USR-0333,2025-08-31,Startup
USR-0334,2025-10-19,Enterprise
USR-0335,2025-06-05,Startup
USR-0336,2025-12-14,Startup
USR-0337,2025-01-17,Startup
USR-0338,2025-02-25,Startup
USR-0339,2025-04-18,Startup
USR-0340,2025-11-05,Startup
USR-0341,2025-11-28,Startup
USR-0342,2025-04-10,Enterprise
USR-0343,2025-07-12,Startup
USR-0344,2025-10-10,Growth
USR-0345,2025-07-07,Startup
USR-0346,2025-09-25,Startup
USR-0347,2025-02-09,Startup
USR-0348,2025-05-08,Growth
USR-0349,2025-09-23,Startup
USR-0350,2025-05-04,Startup
USR-0351,2025-09-18,Enterprise
USR-0352,2025-01-17,Enterprise
USR-0353,2025-04-21,Growth
USR-0354,2025-09-20,Growth
USR-0355,2025-04-08,Growth
USR-0356,2025-05-28,Startup
USR-0357,2025-11-11,Startup
USR-0358,2025-10-08,Growth
USR-0359,2025-02-22,Growth
USR-0360,2025-12-04,Startup
USR-0361,2025-10-29,Startup
USR-0362,2025-10-04,Growth
USR-0363,2025-08-02,Startup
USR-0364,2025-04-02,Growth
USR-0365,2025-07-18,Enterprise
USR-0366,2025-08-03,Growth
USR-0367,2025-03-14,Startup
USR-0368,2025-09-15,Growth
USR-0369,2025-03-25,Startup
USR-0370,2025-08-14,Startup
USR-0371,2025-02-27,Growth
USR-0372,2025-12-09,Startup
USR-0373,2025-09-17,Growth
USR-0374,2025-06-08,Enterprise
USR-0375,2025-03-12,Startup
USR-0376,2025-05-17,Enterprise
USR-0377,2025-07-04,Growth
USR-0378,2025-12-20,Growth
USR-0379,2025-10-19,Startup
USR-0380,2025-12-21,Enterprise
USR-0381,2025-02-11,Startup
USR-0382,2025-12-12,Growth
USR-0383,2025-07-12,Startup
USR-0384,2025-01-18,Enterprise
USR-0385,2025-01-24,Startup
USR-0386,2025-06-25,Startup
USR-0387,2025-04-03,Growth
USR-0388,2025-12-05,Startup
USR-0389,2025-10-07,Startup
USR-0390,2025-11-28,Startup
USR-0391,2025-08-05,Growth
USR-0392,2025-03-03,Growth
USR-0393,2025-07-06,Startup
USR-0394,2025-07-18,Growth
USR-0395,2025-08-22,Startup
USR-0396,2025-08-26,Growth
USR-0397,2025-08-18,Growth
USR-0398,2025-07-10,Startup
USR-0399,2025-08-19,Startup
USR-0400,2025-08-26,Growth
USR-0401,2025-12-14,Startup
USR-0402,2025-07-27,Startup
USR-0403,2025-09-08,Startup
USR-0404,2025-11-05,Growth
USR-0405,2025-12-09,Enterprise
USR-0406,2025-09-10,Startup
USR-0407,2025-12-23,Startup
USR-0408,2025-01-25,Startup
USR-0409,2025-04-05,Enterprise
USR-0410,2025-02-27,Startup
USR-0411,2025-07-20,Startup
USR-0412,2025-11-22,Startup
USR-0413,2025-01-31,Startup
USR-0414,2025-09-13,Startup
USR-0415,2025-11-23,Growth
USR-0416,2025-08-30,Startup
USR-0417,2025-08-29,Growth
USR-0418,2025-08-04,Startup
USR-0419,2025-06-19,Enterprise
USR-0420,2025-09-20,Startup
USR-0421,2025-06-02,Startup
USR-0422,2025-07-16,Startup
USR-0423,2025-05-16,Growth
USR-0424,2025-11-15,Growth
USR-0425,2025-12-05,Startup
USR-0426,2025-11-24,Growth
USR-0427,2025-04-21,Startup
USR-0428,2025-10-01,Startup
USR-0429,2025-11-10,Startup
USR-0430,2025-09-13,Startup
USR-0431,2025-12-14,Startup
USR-0432,2025-09-13,Growth
USR-0433,2025-11-30,Growth
USR-0434,2025-01-31,Startup
USR-0435,2025-07-14,Growth
USR-0436,2025-07-07,Enterprise
USR-0437,2025-04-12,Startup
USR-0438,2025-09-20,Enterprise
USR-0439,2025-01-12,Growth
USR-0440,2025-04-10,Enterprise
USR-0441,2025-01-08,Startup
USR-0442,2025-08-08,Startup
USR-0443,2025-06-04,Startup
USR-0444,2025-08-25,Startup
USR-0445,2025-07-10,Startup
USR-0446,2025-03-09,Startup
USR-0447,2025-10-09,Growth
USR-0448,2025-12-01,Startup
USR-0449,2025-09-20,Growth
USR-0450,2025-04-04,Startup
USR-0451,2025-02-25,Startup
USR-0452,2025-08-12,Growth
USR-0453,2025-09-25,Startup
USR-0454,2025-11-04,Growth
USR-0455,2025-08-09,Startup
USR-0456,2025-06-22,Growth
USR-0457,2025-06-12,Startup
USR-0458,2025-07-01,Startup
USR-0459,2025-02-10,Startup
USR-0460,2025-06-23,Startup
USR-0461,2025-12-15,Startup
USR-0462,2025-09-25,Startup
USR-0463,2025-08-15,Growth
USR-0464,2025-07-03,Startup
USR-0465,2025-04-24,Startup
USR-0466,2025-06-26,Startup
USR-0467,2025-06-18,Startup
USR-0468,2025-02-09,Startup
USR-0469,2025-08-11,Growth
USR-0470,2025-10-02,Startup
USR-0471,2025-10-24,Growth
USR-0472,2025-10-23,Startup
USR-0473,2025-12-03,Startup
USR-0474,2025-03-25,Enterprise
USR-0475,2025-07-06,Startup
USR-0476,2025-12-07,Startup
USR-0477,2025-07-21,Startup
USR-0478,2025-05-14,Startup
USR-0479,2025-12-22,Enterprise
USR-0480,2025-07-05,Startup
USR-0481,2025-06-10,Enterprise
USR-0482,2025-07-27,Growth
USR-0483,2025-04-09,Startup
USR-0484,2025-04-23,Startup
USR-0485,2025-09-07,Growth
USR-0486,2025-10-22,Growth
USR-0487,2025-04-26,Growth
USR-0488,2025-10-02,Startup
USR-0489,2025-11-05,Growth
USR-0490,2025-09-05,Startup
USR-0491,2025-01-11,Startup
USR-0492,2025-11-28,Startup
USR-0493,2025-02-05,Startup
USR-0494,2025-10-25,Startup
USR-0495,2025-04-02,Startup
USR-0496,2025-12-19,Enterprise
USR-0497,2025-05-21,Growth
USR-0498,2025-03-24,Startup
USR-0499,2025-04-28,Startup
USR-0500,2025-10-09,Startup
USR-0501,2025-09-08,Startup
USR-0502,2025-10-15,Startup
USR-0503,2025-11-05,Startup
USR-0504,2025-02-27,Startup
USR-0505,2025-05-04,Enterprise
USR-0506,2025-09-14,Growth
USR-0507,2025-10-07,Startup
USR-0508,2025-03-25,Growth
USR-0509,2025-10-06,Startup
USR-0510,2025-01-05,Startup
USR-0511,2025-07-15,Startup
USR-0512,2025-06-12,Startup
USR-0513,2025-10-19,Startup
USR-0514,2025-05-24,Enterprise
USR-0515,2025-01-28,Growth
USR-0516,2025-05-03,Growth
USR-0517,2025-11-13,Startup
USR-0518,2025-07-14,Startup
USR-0519,2025-05-11,Growth
USR-0520,2025-11-18,Startup
USR-0521,2025-10-29,Startup
USR-0522,2025-05-25,Growth
USR-0523,2025-11-05,Startup
USR-0524,2025-09-21,Startup
USR-0525,2025-04-02,Growth
USR-0526,2025-04-24,Enterprise
USR-0527,2025-02-08,Startup
USR-0528,2025-11-23,Startup
USR-0529,2025-11-04,Enterprise
USR-0530,2025-08-29,Startup
USR-0531,2025-05-28,Startup
USR-0532,2025-07-08,Startup
USR-0533,2025-08-13,Startup
USR-0534,2025-12-02,Startup
USR-0535,2025-11-14,Startup
USR-0536,2025-07-02,Startup
USR-0537,2025-12-09,Startup
USR-0538,2025-06-11,Enterprise
USR-0539,2025-12-23,Enterprise
USR-0540,2025-08-09,Startup
USR-0541,2025-03-07,Growth
USR-0542,2025-04-19,Growth
USR-0543,2025-12-04,Startup
USR-0544,2025-07-03,Startup
USR-0545,2025-07-08,Growth
USR-0546,2025-01-10,Startup
USR-0547,2025-10-24,Startup
USR-0548,2025-11-09,Startup
USR-0549,2025-06-26,Enterprise
USR-0550,2025-01-07,Startup
USR-0551,2025-04-20,Startup
USR-0552,2025-12-22,Enterprise
USR-0553,2025-02-09,Growth
USR-0554,2025-03-25,Startup
USR-0555,2025-08-09,Startup
USR-0556,2025-03-08,Growth
USR-0557,2025-11-17,Growth
USR-0558,2025-11-14,Startup
USR-0559,2025-03-20,Startup
USR-0560,2025-07-14,Growth
USR-0561,2025-08-31,Startup
USR-0562,2025-12-17,Growth
USR-0563,2025-01-25,Startup
USR-0564,2025-01-04,Enterprise
USR-0565,2025-07-17,Growth
USR-0566,2025-11-30,Enterprise
USR-0567,2025-10-18,Startup
USR-0568,2025-06-09,Growth
USR-0569,2025-01-25,Startup
USR-0570,2025-09-24,Growth
USR-0571,2025-06-08,Startup
USR-0572,2025-03-27,Growth
USR-0573,2025-04-13,Startup
USR-0574,2025-09-10,Enterprise
USR-0575,2025-10-01,Startup
USR-0576,2025-01-26,Growth
USR-0577,2025-11-29,Enterprise
USR-0578,2025-04-11,Growth
USR-0579,2025-09-02,Startup
USR-0580,2025-11-19,Enterprise
USR-0581,2025-09-25,Startup
USR-0582,2025-06-05,Startup
USR-0583,2025-05-16,Startup
USR-0584,2025-10-04,Growth
USR-0585,2025-10-21,Enterprise
USR-0586,2025-12-04,Startup
USR-0587,2025-08-15,Startup
USR-0588,2025-08-16,Growth
USR-0589,2025-04-25,Growth
USR-0590,2025-02-08,Startup
USR-0591,2025-04-10,Startup
USR-0592,2025-09-24,Growth
USR-0593,2025-04-22,Growth
USR-0594,2025-08-17,Enterprise
USR-0595,2025-12-13,Startup
USR-0596,2025-10-15,Startup
USR-0597,2025-07-14,Growth
USR-0598,2025-04-11,Growth
USR-0599,2025-10-12,Startup
USR-0600,2025-02-01,Startup
USR-0601,2025-11-02,Startup
USR-0602,2025-05-24,Startup
USR-0603,2025-08-17,Growth
USR-0604,2025-05-28,Startup
USR-0605,2025-09-21,Growth
USR-0606,2025-09-03,Startup
USR-0607,2025-02-01,Startup
USR-0608,2025-01-25,Startup
USR-0609,2025-11-09,Growth
USR-0610,2025-10-28,Startup
USR-0611,2025-08-21,Startup
USR-0612,2025-11-10,Enterprise
USR-0613,2025-05-10,Startup
USR-0614,2025-02-12,Startup
USR-0615,2025-09-14,Startup
USR-0616,2025-05-15,Growth
USR-0617,2025-10-15,Startup
USR-0618,2025-06-09,Growth
USR-0619,2025-03-16,Startup
USR-0620,2025-09-06,Startup
USR-0621,2025-09-28,Startup
USR-0622,2025-08-14,Enterprise
USR-0623,2025-07-23,Growth
USR-0624,2025-04-17,Enterprise
USR-0625,2025-04-26,Startup
USR-0626,2025-11-12,Startup
USR-0627,2025-05-07,Startup
USR-0628,2025-10-30,Startup
USR-0629,2025-09-15,Enterprise
USR-0630,2025-06-24,Growth
USR-0631,2025-07-12,Growth
USR-0632,2025-08-01,Startup
USR-0633,2025-07-19,Startup
USR-0634,2025-06-01,Growth
USR-0635,2025-10-12,Startup
USR-0636,2025-08-14,Growth
USR-0637,2025-09-24,Startup
USR-0638,2025-10-14,Startup
USR-0639,2025-10-07,Startup
USR-0640,2025-07-12,Growth
USR-0641,2025-11-06,Startup
USR-0642,2025-02-01,Startup
USR-0643,2025-07-05,Startup
USR-0644,2025-07-13,Startup
USR-0645,2025-10-20,Enterprise
USR-0646,2025-09-28,Startup
USR-0647,2025-01-21,Growth
USR-0648,2025-10-22,Growth
USR-0649,2025-05-07,Enterprise
USR-0650,2025-05-27,Growth
USR-0651,2025-04-15,Startup
USR-0652,2025-11-17,Growth
USR-0653,2025-05-16,Startup
USR-0654,2025-10-01,Startup
USR-0655,2025-08-31,Enterprise
USR-0656,2025-02-18,Startup
USR-0657,2025-12-19,Growth
USR-0658,2025-09-02,Enterprise
USR-0659,2025-09-14,Startup
USR-0660,2025-07-10,Growth
USR-0661,2025-02-10,Startup
USR-0662,2025-08-13,Startup
USR-0663,2025-02-17,Growth
USR-0664,2025-11-02,Startup
USR-0665,2025-06-12,Startup
USR-0666,2025-09-19,Startup
USR-0667,2025-01-08,Startup
USR-0668,2025-09-20,Growth
USR-0669,2025-11-12,Startup
USR-0670,2025-11-05,Enterprise
USR-0671,2025-11-11,Growth
USR-0672,2025-12-17,Startup
USR-0673,2025-05-07,Startup
USR-0674,2025-05-14,Startup
USR-0675,2025-03-04,Enterprise
USR-0676,2025-06-03,Growth
USR-0677,2025-03-07,Growth
USR-0678,2025-03-07,Growth
USR-0679,2025-07-09,Growth
USR-0680,2025-09-05,Growth
USR-0681,2025-08-07,Enterprise
USR-0682,2025-08-04,Growth
USR-0683,2025-06-22,Growth
USR-0684,2025-11-13,Startup
USR-0685,2025-08-24,Growth
USR-0686,2025-12-09,Growth
USR-0687,2025-03-07,Growth
USR-0688,2025-07-21,Growth
USR-0689,2025-12-04,Startup
USR-0690,2025-09-30,Enterprise
USR-0691,2025-10-02,Startup
USR-0692,2025-04-26,Startup
USR-0693,2025-08-11,Startup
USR-0694,2025-01-14,Growth
USR-0695,2025-10-10,Startup
USR-0696,2025-03-03,Growth
USR-0697,2025-06-13,Growth
USR-0698,2025-12-06,Growth
USR-0699,2025-03-21,Startup
USR-0700,2025-12-11,Startup
USR-0701,2025-01-02,Startup
USR-0702,2025-12-04,Startup
USR-0703,2025-03-02,Growth
USR-0704,2025-11-20,Startup
USR-0705,2025-01-19,Startup
USR-0706,2025-09-16,Growth
USR-0707,2025-05-06,Enterprise
USR-0708,2025-01-17,Growth
USR-0709,2025-05-03,Startup
USR-0710,2025-02-15,Growth
USR-0711,2025-03-17,Startup
USR-0712,2025-05-23,Enterprise
USR-0713,2025-10-07,Startup
USR-0714,2025-12-13,Startup
USR-0715,2025-04-21,Startup
USR-0716,2025-06-11,Enterprise
USR-0717,2025-07-16,Growth
USR-0718,2025-03-16,Startup
USR-0719,2025-06-14,Startup
USR-0720,2025-08-01,Startup
USR-0721,2025-02-10,Growth
USR-0722,2025-04-09,Growth
USR-0723,2025-04-07,Startup
USR-0724,2025-11-22,Growth
USR-0725,2025-10-21,Startup
USR-0726,2025-09-20,Startup
USR-0727,2025-08-23,Startup
USR-0728,2025-11-02,Growth
USR-0729,2025-03-18,Startup
USR-0730,2025-04-15,Startup
USR-0731,2025-10-18,Startup
USR-0732,2025-02-22,Startup
USR-0733,2025-12-13,Enterprise
USR-0734,2025-11-03,Startup
USR-0735,2025-09-08,Startup
USR-0736,2025-09-23,Growth
USR-0737,2025-04-01,Startup
USR-0738,2025-11-30,Startup
USR-0739,2025-03-14,Growth
USR-0740,2025-05-07,Startup
USR-0741,2025-12-15,Startup
USR-0742,2025-05-16,Startup
USR-0743,2025-11-09,Growth
USR-0744,2025-12-10,Startup
USR-0745,2025-10-03,Startup
USR-0746,2025-07-08,Startup
USR-0747,2025-11-30,Startup
USR-0748,2025-04-19,Startup
USR-0749,2025-12-16,Startup
USR-0750,2025-09-10,Enterprise
USR-0751,2025-09-14,Startup
USR-0752,2025-06-19,Startup
USR-0753,2025-11-21,Growth
USR-0754,2025-11-21,Growth
USR-0755,2025-03-04,Startup
USR-0756,2025-12-03,Startup
USR-0757,2025-04-02,Enterprise
USR-0758,2025-10-12,Startup
USR-0759,2025-08-20,Startup
USR-0760,2025-06-13,Startup
USR-0761,2025-02-25,Startup
USR-0762,2025-02-15,Startup
USR-0763,2025-09-30,Startup
USR-0764,2025-04-21,Growth
USR-0765,2025-01-04,Startup
USR-0766,2025-04-22,Startup
USR-0767,2025-10-31,Startup
USR-0768,2025-09-17,Growth
USR-0769,2025-06-19,Growth
USR-0770,2025-01-09,Startup
USR-0771,2025-11-29,Startup
USR-0772,2025-11-15,Enterprise
USR-0773,2025-07-09,Startup
USR-0774,2025-04-21,Startup
USR-0775,2025-04-15,Startup
USR-0776,2025-02-25,Startup
USR-0777,2025-03-04,Growth
USR-0778,2025-04-28,Enterprise
USR-0779,2025-02-15,Startup
USR-0780,2025-05-12,Startup
USR-0781,2025-11-03,Growth
USR-0782,2025-08-22,Startup
USR-0783,2025-06-14,Growth
USR-0784,2025-06-25,Startup
USR-0785,2025-12-21,Startup
USR-0786,2025-11-16,Enterprise
USR-0787,2025-01-27,Startup
USR-0788,2025-05-19,Startup
USR-0789,2025-02-08,Startup
USR-0790,2025-09-24,Startup
USR-0791,2025-01-03,Startup
USR-0792,2025-11-29,Growth
USR-0793,2025-08-23,Startup
USR-0794,2025-04-08,Startup
USR-0795,2025-07-21,Growth
USR-0796,2025-07-30,Startup
USR-0797,2025-08-14,Startup
USR-0798,2025-10-06,Growth
USR-0799,2025-02-10,Startup
USR-0800,2025-04-20,Startup
USR-0801,2025-09-13,Startup
USR-0802,2025-09-24,Enterprise
USR-0803,2025-08-15,Growth
USR-0804,2025-11-23,Startup
USR-0805,2025-02-06,Startup
USR-0806,2025-01-24,Enterprise
USR-0807,2025-11-18,Startup
USR-0808,2025-06-16,Growth
USR-0809,2025-05-11,Enterprise
USR-0810,2025-07-19,Startup
USR-0811,2025-06-09,Growth
USR-0812,2025-03-18,Startup
USR-0813,2025-04-26,Startup
USR-0814,2025-08-23,Startup
USR-0815,2025-08-15,Startup
USR-0816,2025-05-02,Growth
USR-0817,2025-03-27,Enterprise
USR-0818,2025-01-10,Startup
USR-0819,2025-12-23,Startup
USR-0820,2025-11-08,Growth
USR-0821,2025-03-16,Growth
USR-0822,2025-12-08,Startup
USR-0823,2025-10-31,Startup
USR-0824,2025-07-23,Startup
USR-0825,2025-09-22,Startup
USR-0826,2025-03-29,Startup
USR-0827,2025-11-01,Growth
USR-0828,2025-04-07,Startup
USR-0829,2025-04-03,Startup
USR-0830,2025-03-05,Startup
USR-0831,2025-04-14,Enterprise
USR-0832,2025-11-20,Startup
USR-0833,2025-12-24,Startup
USR-0834,2025-08-07,Startup
USR-0835,2025-01-13,Startup
USR-0836,2025-06-19,Startup
USR-0837,2025-01-26,Startup
USR-0838,2025-09-20,Startup
USR-0839,2025-07-14,Startup
USR-0840,2025-04-14,Enterprise
USR-0841,2025-05-28,Startup
USR-0842,2025-11-13,Enterprise
USR-0843,2025-09-05,Startup
USR-0844,2025-03-17,Growth
USR-0845,2025-01-23,Enterprise
USR-0846,2025-11-27,Startup
USR-0847,2025-05-23,Startup
USR-0848,2025-08-16,Startup
USR-0849,2025-04-07,Growth
USR-0850,2025-10-13,Startup
USR-0851,2025-12-24,Startup
USR-0852,2025-08-23,Startup
USR-0853,2025-04-06,Startup
USR-0854,2025-03-04,Startup
USR-0855,2025-05-17,Growth
USR-0856,2025-08-17,Growth
USR-0857,2025-03-17,Startup
USR-0858,2025-08-18,Startup
USR-0859,2025-11-09,Growth
USR-0860,2025-01-03,Startup
USR-0861,2025-11-09,Startup
USR-0862,2025-04-09,Growth
USR-0863,2025-04-03,Enterprise
USR-0864,2025-01-07,Startup
USR-0865,2025-09-20,Startup
USR-0866,2025-03-19,Startup
USR-0867,2025-07-27,Startup
USR-0868,2025-04-27,Startup
USR-0869,2025-11-05,Startup
USR-0870,2025-11-19,Startup
USR-0871,2025-09-16,Growth
USR-0872,2025-05-19,Startup
USR-0873,2025-11-09,Growth
USR-0874,2025-10-22,Enterprise
USR-0875,2025-05-23,Startup
USR-0876,2025-11-10,Startup
USR-0877,2025-09-04,Growth
USR-0878,2025-05-27,Growth
USR-0879,2025-08-06,Growth
USR-0880,2025-03-09,Growth
USR-0881,2025-04-07,Startup
USR-0882,2025-08-16,Startup
USR-0883,2025-11-29,Growth
USR-0884,2025-02-19,Startup
USR-0885,2025-03-29,Growth
USR-0886,2025-01-06,Startup
USR-0887,2025-04-15,Startup
USR-0888,2025-05-24,Enterprise
USR-0889,2025-12-09,Enterprise
USR-0890,2025-06-11,Startup
USR-0891,2025-02-26,Startup
USR-0892,2025-04-16,Growth
USR-0893,2025-09-03,Startup
USR-0894,2025-04-16,Startup
USR-0895,2025-02-10,Enterprise
USR-0896,2025-07-23,Startup
USR-0897,2025-10-07,Startup
USR-0898,2025-04-23,Growth
USR-0899,2025-09-07,Growth
USR-0900,2025-08-02,Enterprise
USR-0901,2025-10-19,Growth
USR-0902,2025-06-17,Startup
USR-0903,2025-05-24,Startup
USR-0904,2025-12-13,Startup
USR-0905,2025-02-18,Startup
USR-0906,2025-11-15,Startup
USR-0907,2025-12-12,Growth
USR-0908,2025-12-02,Startup
USR-0909,2025-03-15,Enterprise
USR-0910,2025-01-31,Enterprise
USR-0911,2025-01-16,Startup
USR-0912,2025-07-16,Growth
USR-0913,2025-04-07,Startup
USR-0914,2025-12-10,Startup
USR-0915,2025-03-20,Growth
USR-0916,2025-09-06,Growth
USR-0917,2025-06-12,Startup
USR-0918,2025-04-15,Enterprise
USR-0919,2025-03-24,Growth
USR-0920,2025-08-30,Startup
USR-0921,2025-09-08,Startup
USR-0922,2025-06-06,Growth
USR-0923,2025-09-16,Growth
USR-0924,2025-11-13,Startup
USR-0925,2025-07-03,Startup
USR-0926,2025-11-21,Growth
USR-0927,2025-06-12,Startup
USR-0928,2025-06-27,Startup
USR-0929,2025-03-17,Startup
USR-0930,2025-10-17,Enterprise
USR-0931,2025-10-01,Enterprise
USR-0932,2025-11-05,Startup
USR-0933,2025-04-23,Growth
USR-0934,2025-07-25,Startup
USR-0935,2025-04-01,Enterprise
USR-0936,2025-06-19,Growth
USR-0937,2025-07-24,Startup
USR-0938,2025-06-15,Startup
USR-0939,2025-06-02,Enterprise
USR-0940,2025-07-16,Growth
USR-0941,2025-04-04,Startup
USR-0942,2025-11-10,Growth
USR-0943,2025-10-01,Startup
USR-0944,2025-08-11,Growth
USR-0945,2025-08-17,Startup
USR-0946,2025-02-06,Growth
USR-0947,2025-08-06,Enterprise
USR-0948,2025-04-23,Startup
USR-0949,2025-03-11,Growth
USR-0950,2025-08-17,Enterprise
USR-0951,2025-09-09,Startup
USR-0952,2025-04-20,Startup
USR-0953,2025-10-19,Startup
USR-0954,2025-12-03,Startup
USR-0955,2025-10-03,Startup
USR-0956,2025-12-22,Startup
USR-0957,2025-09-03,Startup
USR-0958,2025-08-19,Startup
USR-0959,2025-10-17,Growth
USR-0960,2025-07-19,Startup
USR-0961,2025-07-22,Startup
USR-0962,2025-02-06,Startup
USR-0963,2025-05-01,Startup
USR-0964,2025-06-17,Startup
USR-0965,2025-12-22,Startup
USR-0966,2025-08-11,Growth
USR-0967,2025-10-19,Startup
USR-0968,2025-02-17,Enterprise
USR-0969,2025-08-24,Growth
USR-0970,2025-10-15,Startup
USR-0971,2025-09-23,Growth
USR-0972,2025-11-11,Growth
USR-0973,2025-11-09,Startup
USR-0974,2025-11-20,Enterprise
USR-0975,2025-09-12,Startup
USR-0976,2025-09-02,Enterprise
USR-0977,2025-11-09,Startup
USR-0978,2025-10-01,Growth
USR-0979,2025-01-26,Growth
USR-0980,2025-02-11,Startup
USR-0981,2025-03-08,Enterprise
USR-0982,2025-05-01,Startup
USR-0983,2025-12-07,Growth
USR-0984,2025-10-02,Startup
USR-0985,2025-12-14,Startup
USR-0986,2025-05-23,Startup
USR-0987,2025-07-20,Startup
USR-0988,2025-04-23,Startup
USR-0989,2025-04-02,Startup
USR-0990,2025-03-18,Startup
USR-0991,2025-03-16,Startup
USR-0992,2025-07-01,Growth
USR-0993,2025-12-08,Startup
USR-0994,2025-10-14,Startup
USR-0995,2025-07-16,Startup
USR-0996,2025-04-22,Startup
USR-0997,2025-08-13,Startup
USR-0998,2025-09-10,Startup
USR-0999,2025-07-06,Startup
USR-1000,2025-01-10,Startup
